{"cameraMode":{"drawMode":0,"name":"Shaded","section":"Shading Mode"},"sceneLighting":true,"audioPlay":false,"sceneViewState":{"m_AlwaysRefresh":false,"showFog":false,"showSkybox":false,"showFlares":false,"showImageEffects":false,"showParticleSystems":false,"showVisualEffectGraphs":true,"m_FxEnabled":true},"in2DMode":false,"pivot":{"x":-0.002845168113708496,"y":1.2383723258972169,"z":0.5825847387313843},"rotation":{"x":0.0022850283421576025,"y":0.981792151927948,"z":-0.01177856232970953,"w":0.1896285116672516},"size":0.9635002017021179,"orthographic":false}