{"cameraMode":{"drawMode":0,"name":"Shaded","section":"Shading Mode"},"sceneLighting":true,"audioPlay":false,"sceneViewState":{"m_AlwaysRefresh":false,"showFog":false,"showSkybox":false,"showFlares":false,"showImageEffects":false,"showParticleSystems":false,"showVisualEffectGraphs":true,"m_FxEnabled":true},"in2DMode":false,"pivot":{"x":-0.035602033138275149,"y":-0.26885831356048586,"z":2.997364044189453},"rotation":{"x":0.17431628704071046,"y":-0.056094106286764148,"z":0.00995432399213314,"w":0.9830493927001953},"size":2.7634999752044679,"orthographic":false}