{"cameraMode":{"drawMode":0,"name":"Shaded","section":"Shading Mode"},"sceneLighting":false,"audioPlay":false,"sceneViewState":{"m_AlwaysRefresh":false,"showFog":false,"showSkybox":false,"showFlares":false,"showImageEffects":false,"showParticleSystems":false,"showVisualEffectGraphs":true,"m_FxEnabled":true},"in2DMode":false,"pivot":{"x":1.2094039916992188,"y":-1.1998815536499024,"z":-2.4753663539886476},"rotation":{"x":-0.024889033287763597,"y":-0.9665742516517639,"z":0.23346568644046784,"w":-0.1030404344201088},"size":3.0162112712860109,"orthographic":false}