{"cameraMode":{"drawMode":0,"name":"Shaded","section":"Shading Mode"},"sceneLighting":false,"audioPlay":false,"sceneViewState":{"m_AlwaysRefresh":false,"showFog":false,"showSkybox":false,"showFlares":false,"showImageEffects":false,"showParticleSystems":false,"showVisualEffectGraphs":true,"m_FxEnabled":true},"in2DMode":false,"pivot":{"x":0.5375000238418579,"y":0.5274999737739563,"z":0.3995000123977661},"rotation":{"x":0.41936421394348147,"y":0.5435471534729004,"z":-0.36118027567863467,"w":0.6310951709747315},"size":0.3134210407733917,"orthographic":false}