{"cameraMode":{"drawMode":0,"name":"Shaded","section":"Shading Mode"},"sceneLighting":false,"audioPlay":false,"sceneViewState":{"m_AlwaysRefresh":false,"showFog":false,"showSkybox":false,"showFlares":false,"showImageEffects":false,"showParticleSystems":false,"showVisualEffectGraphs":true,"m_FxEnabled":true},"in2DMode":false,"pivot":{"x":0.4999999701976776,"y":-0.24399995803833009,"z":0.4999999701976776},"rotation":{"x":0.4264712333679199,"y":0.03797309100627899,"z":-0.017917517572641374,"w":0.9035397171974182},"size":0.7559999227523804,"orthographic":false}