{"cameraMode":{"drawMode":0,"name":"Shaded","section":"Shading Mode"},"sceneLighting":false,"audioPlay":false,"sceneViewState":{"m_AlwaysRefresh":false,"showFog":false,"showSkybox":false,"showFlares":false,"showImageEffects":false,"showParticleSystems":false,"showVisualEffectGraphs":true,"m_FxEnabled":true},"in2DMode":false,"pivot":{"x":0.4999999701976776,"y":-0.44499993324279787,"z":0.005999922752380371},"rotation":{"x":0.314971923828125,"y":0.6475179195404053,"z":-0.33586692810058596,"w":0.6072214841842651},"size":1.8101904392242432,"orthographic":false}