{"cameraMode":{"drawMode":0,"name":"Shaded","section":"Shading Mode"},"sceneLighting":false,"audioPlay":false,"sceneViewState":{"m_AlwaysRefresh":false,"showFog":false,"showSkybox":false,"showFlares":false,"showImageEffects":false,"showParticleSystems":false,"showVisualEffectGraphs":true,"m_FxEnabled":true},"in2DMode":false,"pivot":{"x":0.5095000267028809,"y":0.1574999988079071,"z":0.45750001072883608},"rotation":{"x":0.5383777618408203,"y":-0.0012615720042958856,"z":0.0008102252031676471,"w":0.8427267074584961},"size":1.7249548435211182,"orthographic":false}