{"cameraMode":{"drawMode":0,"name":"Shaded","section":"Shading Mode"},"sceneLighting":false,"audioPlay":false,"sceneViewState":{"m_AlwaysRefresh":false,"showFog":false,"showSkybox":false,"showFlares":false,"showImageEffects":false,"showParticleSystems":false,"showVisualEffectGraphs":true,"m_FxEnabled":true},"in2DMode":false,"pivot":{"x":0.49950000643730166,"y":0.6575000286102295,"z":0.527999997138977},"rotation":{"x":0.37500321865081789,"y":-0.5546247363090515,"z":0.3076170086860657,"w":0.6761202812194824},"size":0.49405819177627566,"orthographic":false}