{"cameraMode":{"drawMode":0,"name":"Shaded","section":"Shading Mode"},"sceneLighting":false,"audioPlay":false,"sceneViewState":{"m_AlwaysRefresh":false,"showFog":false,"showSkybox":false,"showFlares":false,"showImageEffects":false,"showParticleSystems":false,"showVisualEffectGraphs":true,"m_FxEnabled":true},"in2DMode":false,"pivot":{"x":0.5249999761581421,"y":0.24700003862380982,"z":0.5010000467300415},"rotation":{"x":0.41936421394348147,"y":0.5435471534729004,"z":-0.36118027567863467,"w":0.6310951709747315},"size":0.5976704955101013,"orthographic":false}